Id,Assignee.Name,Assignee.Profile.Name,PermissionSet.Name,SystemModstamp
0Pa5i000006ZH0hCAG,Sales9 Rahul Org,Custom: Sales,Custom_Sales_5,"5/10/2023, 11:00 AM"
0Pa5i000006ZH0kCAG,Sales12 Rahul Org,Custom: Sales,Custom_Sales_5,"5/10/2023, 11:00 AM"
0Pa5i000006ZH0qCAG,Sales18 Rahul Org,Custom: Sales,Custom_Sales_5,"5/10/2023, 11:00 AM"
0Pa5i000006ZH0hCAG,Sales9 Rahul Org,Custom: Sales,Custom_Sales_5,"5/10/2023, 11:00 AM"
0Pa5i000006ZH0kCAG,Sales12 Rahul Org,Custom: Sales,Custom_Sales_5,"5/10/2023, 11:00 AM"
0Pa5i000006ZH0qCAG,Sales18 Rahul Org,Custom: Sales,Custom_Sales_5,"5/10/2023, 11:00 AM"
0Pa5i000006ZH0xCAG,Sales5 Rahul Org,Custom: Sales,Custom_Sales_0,"5/17/2023, 11:03 AM"
0Pa5i000006ZH0yCAG,Sales15 Rahul Org,Custom: Sales,Custom_Sales_0,"5/17/2023, 11:03 AM"
0Pa5i000006ZH0fCAG,Sales7 Rahul Org,Custom: Sales,Custom_Sales_5,"5/17/2023, 11:03 AM"
0Pa5i000006ZH0hCAG,Sales9 Rahul Org,Custom: Sales,Custom_Sales_5,"7/10/2023, 11:00 AM"
0Pa5i000006ZH0kCAG,Sales12 Rahul Org,Custom: Sales,Custom_Sales_5,"7/10/2023, 11:00 AM"
0Pa5i000006ZH0qCAG,Sales18 Rahul Org,Custom: Sales,Custom_Sales_5,"7/10/2023, 11:00 AM"
0Pa5i000006ZH0hCAG,Sales9 Rahul Org,Custom: Sales,Custom_Sales_5,"7/10/2023, 11:00 AM"
0Pa5i000006ZH0kCAG,Sales12 Rahul Org,Custom: Sales,Custom_Sales_5,"7/10/2023, 11:00 AM"
0Pa5i000006ZH0qCAG,Sales18 Rahul Org,Custom: Sales,Custom_Sales_5,"7/10/2023, 11:00 AM"
0Pa5i000006ZH0hCAG,Sales9 Rahul Org,Custom: Sales,Custom_Sales_5,"7/10/2023, 11:00 AM"
0Pa5i000006ZH0kCAG,Sales12 Rahul Org,Custom: Sales,Custom_Sales_5,"7/10/2023, 11:00 AM"
0Pa5i000006ZH0qCAG,Sales18 Rahul Org,Custom: Sales,Custom_Sales_5,"7/10/2023, 11:00 AM"
0Pa5i000006ZH0hCAG,Sales9 Rahul Org,Custom: Sales,Custom_Sales_5,"7/10/2023, 11:00 AM"
0Pa5i000006ZH0kCAG,Sales12 Rahul Org,Custom: Sales,Custom_Sales_5,"7/10/2023, 11:00 AM"
0Pa5i000006ZH0qCAG,Sales18 Rahul Org,Custom: Sales,Custom_Sales_5,"7/10/2023, 11:00 AM"
0Pa5i000005NhCqCAK,Platform Integration User,,sfdc_scrt2,"8/18/2023, 10:49 AM"
0Pa5i000006ZH0TCAW,Marketing20 Rahul Org,Custom: Marketing,Custom_Marketing_1,"9/17/2023, 11:01 AM"
0Pa5i000006ZH0UCAW,Marketing21 Rahul Org,Custom: Marketing,Custom_Marketing_1,"9/17/2023, 11:01 AM"
0Pa5i000006ZH0YCAW,Marketing25 Rahul Org,Custom: Marketing,Custom_Marketing_1,"10/11/2023, 11:01 AM"
0Pa5i000006ZH0ZCAW,Marketing26 Rahul Org,Custom: Marketing,Custom_Marketing_1,"10/11/2023, 11:01 AM"
0Pa5i000006ZH0aCAG,Marketing27 Rahul Org,Custom: Marketing,Custom_Marketing_1,"10/11/2023, 11:01 AM"
0Pa5i000006ZH0YCAW,Marketing25 Rahul Org,Custom: Marketing,Custom_Marketing_1,"10/11/2023, 11:01 AM"
0Pa5i000006ZH0ZCAW,Marketing26 Rahul Org,Custom: Marketing,Custom_Marketing_1,"10/11/2023, 11:01 AM"
0Pa5i000006ZH0aCAG,Marketing27 Rahul Org,Custom: Marketing,Custom_Marketing_1,"10/11/2023, 11:01 AM"
0Pa5i000006ZH0YCAW,Marketing25 Rahul Org,Custom: Marketing,Custom_Marketing_1,"10/11/2023, 11:01 AM"
0Pa5i000006ZH0ZCAW,Marketing26 Rahul Org,Custom: Marketing,Custom_Marketing_1,"10/11/2023, 11:01 AM"
0Pa5i000006ZH0aCAG,Marketing27 Rahul Org,Custom: Marketing,Custom_Marketing_1,"10/11/2023, 11:01 AM"
0Pa5i000006ZH0HCAW,Marketing8 Rahul Org,Custom: Marketing,Custom_Marketing_1,"11/17/2023, 11:01 AM"
0Pa5i000006ZH0ICAW,Marketing9 Rahul Org,Custom: Marketing,Custom_Marketing_1,"11/17/2023, 11:01 AM"
0Pa5i000006ZH0JCAW,Marketing10 Rahul Org,Custom: Marketing,Custom_Marketing_1,"11/17/2023, 11:01 AM"
0Pa5i000006ZH0KCAW,Marketing11 Rahul Org,Custom: Marketing,Custom_Marketing_1,"11/17/2023, 11:01 AM"
0Pa5i000006ZH0LCAW,Marketing12 Rahul Org,Custom: Marketing,Custom_Marketing_1,"11/17/2023, 11:01 AM"
0Pa5i000006ZH09CAG,Marketing10 Rahul Org,Custom: Marketing,Custom_Marketing_3,"11/20/2023, 11:01 AM"
0Pa5i000006ZH0ACAW,Marketing11 Rahul Org,Custom: Marketing,Custom_Marketing_3,"11/20/2023, 11:01 AM"
0Pa5i000006ZH0BCAW,Marketing12 Rahul Org,Custom: Marketing,Custom_Marketing_3,"11/20/2023, 11:01 AM"
0Pa5i000006ZH06CAG,Sales2 Rahul Org,Custom: Sales,Custom_Sales_1,"11/20/2023, 11:01 AM"
0Pa5i000006ZH07CAG,Sales3 Rahul Org,Custom: Sales,Custom_Sales_1,"11/20/2023, 11:01 AM"
0Pa5i000006ZH0NCAW,Marketing14 Rahul Org,Custom: Marketing,Custom_Marketing_1,"12/1/2023, 11:01 AM"
0Pa5i000006ZH0OCAW,Marketing15 Rahul Org,Custom: Marketing,Custom_Marketing_1,"12/1/2023, 11:01 AM"
0Pa5i000006ZH0PCAW,Marketing16 Rahul Org,Custom: Marketing,Custom_Marketing_1,"12/1/2023, 11:01 AM"
0Pa5i000006ZH13CAG,Sales17 Rahul Org,Custom: Sales,Custom_Sales_4,"12/1/2023, 11:01 AM"
0Pa5i000006ZH08CAG,Sales4 Rahul Org,Custom: Sales,Custom_Sales_1,"12/10/2023, 11:00 AM"
0Pa5i000006ZH0hCAG,Sales9 Rahul Org,Custom: Sales,Custom_Sales_5,"12/10/2023, 11:00 AM"
0Pa5i000006ZH0kCAG,Sales12 Rahul Org,Custom: Sales,Custom_Sales_5,"12/10/2023, 11:00 AM"
0Pa5i000006ZH0qCAG,Sales18 Rahul Org,Custom: Sales,Custom_Sales_5,"12/10/2023, 11:00 AM"
0Pa5i000006ZH0hCAG,Sales9 Rahul Org,Custom: Sales,Custom_Sales_5,"12/10/2023, 11:00 AM"
0Pa5i000006ZH0kCAG,Sales12 Rahul Org,Custom: Sales,Custom_Sales_5,"12/10/2023, 11:00 AM"
0Pa5i000006ZH0qCAG,Sales18 Rahul Org,Custom: Sales,Custom_Sales_5,"12/10/2023, 11:00 AM"
0Pa5i000006ZH04CAG,Sales0 Rahul Org,Custom: Sales,Custom_Sales_1,"12/17/2023, 11:00 AM"
0Pa5i000006ZH05CAG,Sales1 Rahul Org,Custom: Sales,Custom_Sales_1,"12/17/2023, 11:00 AM"
0Pa5i000006ZH0ECAW,Marketing5 Rahul Org,Custom: Marketing,Custom_Marketing_1,"12/17/2023, 11:01 AM"
0Pa5i000006ZH0FCAW,Marketing6 Rahul Org,Custom: Marketing,Custom_Marketing_1,"12/17/2023, 11:01 AM"
0Pa5i000006ZH0GCAW,Marketing7 Rahul Org,Custom: Marketing,Custom_Marketing_1,"12/17/2023, 11:01 AM"
0Pa5i000006ZH0MCAW,Marketing13 Rahul Org,Custom: Marketing,Custom_Marketing_1,"12/17/2023, 11:01 AM"
0Pa5i000006ZH0QCAW,Marketing17 Rahul Org,Custom: Marketing,Custom_Marketing_1,"12/17/2023, 11:01 AM"
0Pa5i000006ZH0RCAW,Marketing18 Rahul Org,Custom: Marketing,Custom_Marketing_1,"12/17/2023, 11:01 AM"
0Pa5i000006ZH0SCAW,Marketing19 Rahul Org,Custom: Marketing,Custom_Marketing_1,"12/17/2023, 11:01 AM"
0Pa5i000006ZH0VCAW,Marketing22 Rahul Org,Custom: Marketing,Custom_Marketing_1,"12/17/2023, 11:01 AM"
0Pa5i000006ZH0WCAW,Marketing23 Rahul Org,Custom: Marketing,Custom_Marketing_1,"12/17/2023, 11:01 AM"
0Pa5i000006ZH0XCAW,Marketing24 Rahul Org,Custom: Marketing,Custom_Marketing_1,"12/17/2023, 11:01 AM"
0Pa5i000006ZH0bCAG,Marketing28 Rahul Org,Custom: Marketing,Custom_Marketing_1,"12/17/2023, 11:01 AM"
0Pa5i000006ZH0cCAG,Marketing29 Rahul Org,Custom: Marketing,Custom_Marketing_1,"12/17/2023, 11:01 AM"
0Pa5i000006ZH0CCAW,Marketing13 Rahul Org,Custom: Marketing,Custom_Marketing_3,"12/17/2023, 11:01 AM"
0Pa5i000006ZH0DCAW,Marketing14 Rahul Org,Custom: Marketing,Custom_Marketing_3,"12/17/2023, 11:01 AM"
0Pa5i000006ZH0dCAG,Sales5 Rahul Org,Custom: Sales,Custom_Sales_5,"12/17/2023, 11:01 AM"
0Pa5i000006ZH0eCAG,Sales6 Rahul Org,Custom: Sales,Custom_Sales_5,"12/17/2023, 11:01 AM"
0Pa5i000006ZH0gCAG,Sales8 Rahul Org,Custom: Sales,Custom_Sales_5,"12/17/2023, 11:01 AM"
0Pa5i000006ZH0iCAG,Sales10 Rahul Org,Custom: Sales,Custom_Sales_5,"12/17/2023, 11:01 AM"
0Pa5i000006ZH0jCAG,Sales11 Rahul Org,Custom: Sales,Custom_Sales_5,"12/17/2023, 11:01 AM"
0Pa5i000006ZH0lCAG,Sales13 Rahul Org,Custom: Sales,Custom_Sales_5,"12/17/2023, 11:01 AM"
0Pa5i000006ZH0mCAG,Sales14 Rahul Org,Custom: Sales,Custom_Sales_5,"12/17/2023, 11:01 AM"
0Pa5i000006ZH0nCAG,Sales15 Rahul Org,Custom: Sales,Custom_Sales_5,"12/17/2023, 11:01 AM"
0Pa5i000006ZH0oCAG,Sales16 Rahul Org,Custom: Sales,Custom_Sales_5,"12/17/2023, 11:01 AM"
0Pa5i000006ZH0pCAG,Sales17 Rahul Org,Custom: Sales,Custom_Sales_5,"12/17/2023, 11:01 AM"
0Pa5i000006ZH0rCAG,Sales19 Rahul Org,Custom: Sales,Custom_Sales_5,"12/17/2023, 11:01 AM"
0Pa5i000006ZH0sCAG,Sales11 Rahul Org,Custom: Sales,Custom_Sales_0,"12/17/2023, 11:03 AM"
0Pa5i000006ZH12CAG,Sales7 Rahul Org,Custom: Sales,Custom_Sales_4,"12/17/2023, 11:04 AM"