Name,Type,Parent
Topaz,Root,FY26
Topography,Root,FY26
Topical,Root,FY26
Topple,Root,FY26
Topiary,Root,FY26
Branching,Branch,Topaz
Branchlet,Branch,Topaz
Branchial,Branch,Topaz
Branchiopod,Branch,Topaz
Branchiate,Branch,Topaz
Branchless,Branch,Topography
Branchy,Branch,Topography
Branchiform,Branch,Topography
Branchlet,Branch,Topography
Branchline,Branch,Topography
Branchiate,Branch,Topical
Branchwork,Branch,Topical
Branchial,Branch,Topical
Branchialgia,Branch,Topical
Branchless,Branch,Topical
Branchiate,Branch,Topple
Branchiform,Branch,Topple
Branchless,Branch,Topple
Branchlike,Branch,Topple
Branchiopod,Branch,Topple
Branchless,Branch,Topiary
Branchy,Branch,Topiary
Branchline,Branch,Topiary
Branchwork,Branch,Topiary
Branchiform,Branch,Topiary
Leafage,Leaf,Branchiform
Leafhopper,Leaf,Branchiform
Leafless,Leaf,Branchiform
Leaflet,Leaf,Branchiform
Leafstalk,Leaf,Branchiform
Leafiness,Leaf,Branching
Leafless,Leaf,Branching
Leaflet,Leaf,Branching
Leafminer,Leaf,Branching
Leafy,Leaf,Branching
Leafworm,Leaf,Branching
Leaflet,Leaf,Branchlet
Leafed,Leaf,Branchlet
Leafless,Leaf,Branchlet
Leafstalk,Leaf,Branchlet
Leafless,Leaf,Branchlet
Leafage,Leaf,Branchiopod
Leaflet,Leaf,Branchiopod
Leaflet,Leaf,Branchiopod
Leafiness,Leaf,Branchiopod
Leafless,Leaf,Branchiopod
Leafed,Leaf,Branchy
Leaflike,Leaf,Branchy
Leafless,Leaf,Branchy
Leafstem,Leaf,Branchy
Leafy,Leaf,Branchy
Leafiness,Leaf,Branchiate
Leafed,Leaf,Branchiate
Leafage,Leaf,Branchiate
Leafless,Leaf,Branchiate
Leaflet,Leaf,Branchiate
Leafstalk,Leaf,Branchiopod
Leafiness,Leaf,Branchiopod
Leafless,Leaf,Branchiopod
Leaflet,Leaf,Branchiopod
Leafworm,Leaf,Branchiopod
Leafiness,Leaf,Branchline
Leaflet,Leaf,Branchline
Leafhopper,Leaf,Branchline
Leafy,Leaf,Branchline
Leafage,Leaf,Branchline
Leafless,Leaf,Branchwork
Leaflet,Leaf,Branchwork
Leafstalk,Leaf,Branchwork
Leafiness,Leaf,Branchwork
Leafless,Leaf,Branchwork
Leaflet,Leaf,Branchwork
Leafminer,Leaf,Branchless
Leafy,Leaf,Branchless
Leafworm,Leaf,Branchless
Leaflet,Leaf,Branchless
Leafed,Leaf,Branchless
Leafless,Leaf,Branchless
Leafstalk,Leaf,Branchial
Leafless,Leaf,Branchial
Leafage,Leaf,Branchial
Leaflet,Leaf,Branchial
Leaflet,Leaf,Branchial
Leafiness,Leaf,Branchial
Leafless,Leaf,Branchy
Leafed,Leaf,Branchy
Leaflike,Leaf,Branchy
Leafless,Leaf,Branchy
Leafstem,Leaf,Branchy
Leafy,Leaf,Branchy
Leafiness,Leaf,Branchiform
Leafed,Leaf,Branchiform
Leafage,Leaf,Branchiform
Leafless,Leaf,Branchiform
Leaflet,Leaf,Branchiform
Leafstalk,Leaf,Branchiform
Leafiness,Leaf,Branchiform
Leafless,Leaf,Branchiform
Leaflet,Leaf,Branchiform
Leafworm,Leaf,Branchiate
Leafiness,Leaf,Branchiate
Leaflet,Leaf,Branchiate
Leafhopper,Leaf,Branchiate
Leafy,Leaf,Branchiate
Leafage,Leaf,Branchiate
Leafless,Leaf,Branchiate
Leaflet,Leaf,Branchiate
Leafstalk,Leaf,Branchiate
Leafiness,Leaf,Branchialgia
Leafless,Leaf,Branchialgia
Leaflet,Leaf,Branchialgia
Leafminer,Leaf,Branchialgia
Leafy,Leaf,Branchialgia
Leafworm,Leaf,Branchialgia
Leaflet,Leaf,Branchialgia
Leafed,Leaf,Branchialgia
Leafless,Leaf,Branchialgia
Leafstalk,Leaf,Branchialgia
Leafless,Leaf,Branchlike
Leafage,Leaf,Branchlike
Leaflet,Leaf,Branchlike
Leaflet,Leaf,Branchlike
Leafiness,Leaf,Branchlike
Leafless,Leaf,Branchlike
Leafed,Leaf,Branchlike
Leaflike,Leaf,Branchlike
Leafless,Leaf,Branchlike
Leafstem,Leaf,Branchlike
Leafy,Leaf,Branchlike
Leafiness,Leaf,Branchlike
Leafed,Leaf,Branchiopod
Leafage,Leaf,Branchiopod
Leafless,Leaf,Branchiopod
Leaflet,Leaf,Branchiopod
Leafstalk,Leaf,Branchiopod
Leafiness,Leaf,Branchiopod
Leafless,Leaf,Branchiopod
Leaflet,Leaf,Branchiopod
Leafworm,Leaf,Branchiopod
Leafiness,Leaf,Branchiopod
Leaflet,Leaf,Branching
Leafhopper,Leaf,Branching
Leafy,Leaf,Branching
Leafage,Leaf,Branching
Leafless,Leaf,Branching
Leaflet,Leaf,Branching
Leafstalk,Leaf,Branching
Leafiness,Leaf,Branching
Leafless,Leaf,Branching
Leaflet,Leaf,Branching